,City,Cloudiness,Country,Latitude,Longitude,Humidity,Max Temp,Wind Speed
0,majene,100.0,ID,-3.5403,118.9707,91.0,24.59,3.39
1,brae,100.0,GB,60.3964,-1.353,85.0,11.95,5.66
2,esperance,100.0,AU,-33.8667,121.9,68.0,13.42,4.93
3,yellowknife,60.0,CA,62.456,-114.3525,93.0,16.85,3.58
4,thompson,18.0,CA,55.7435,-97.8558,97.0,15.94,2.15
5,berlevag,75.0,NO,70.8578,29.0864,76.0,6.97,10.8
6,codrington,100.0,AG,-38.2667,141.9667,62.0,9.04,5.94
7,new norfolk,99.0,AU,-42.7826,147.0587,67.0,11.51,1.52
8,puerto ayora,100.0,EC,-0.7393,-90.3518,94.0,21.97,1.79
9,mataura,27.0,PF,-46.1927,168.8643,97.0,6.38,1.25
10,nanzhou,100.0,CN,29.3596,112.4024,63.0,32.94,1.78
11,castro,0.0,CL,-24.7911,-50.0119,63.0,7.35,1.36
12,barrow,90.0,US,71.2906,-156.7887,93.0,2.01,7.2
14,aklavik,63.0,CA,68.2191,-135.0107,75.0,11.48,5.91
15,saint-leu,12.0,RE,-21.15,55.2833,66.0,24.48,2.85
17,cape town,86.0,ZA,-33.9258,18.4232,80.0,10.62,1.34
18,dikson,100.0,RU,73.5069,80.5464,79.0,10.31,8.74
19,khatanga,88.0,RU,71.9667,102.5,80.0,13.55,0.47
20,vaini,20.0,TO,-21.2,-175.2,88.0,23.09,2.57
21,rikitea,0.0,PF,-23.1203,-134.9692,71.0,22.3,6.92
22,kruisfontein,100.0,ZA,-34.0033,24.7314,69.0,6.05,10.82
23,miri,100.0,MY,4.4148,114.0089,71.0,29.7,3.84
24,sechura,7.0,PE,-5.5569,-80.8222,83.0,18.06,4.23
25,emerald,0.0,AU,-23.5333,148.1667,27.0,16.86,4.18
26,hobart,75.0,AU,-42.8794,147.3294,69.0,11.7,2.06
27,butaritari,13.0,KI,3.0707,172.7902,75.0,28.66,5.34
28,tuktoyaktuk,93.0,CA,69.4541,-133.0374,96.0,5.38,6.36
29,terney,81.0,RU,45.0503,136.6092,82.0,25.17,2.08
30,punta arenas,75.0,CL,-53.15,-70.9167,93.0,3.06,3.09
31,wajima,7.0,JP,37.4,136.9,77.0,27.56,5.06
32,tigil,100.0,RU,57.8,158.6667,71.0,17.89,3.28
33,busselton,99.0,AU,-33.65,115.3333,70.0,13.91,4.5
34,mount isa,18.0,AU,-20.7333,139.5,19.0,26.87,4.12
35,ahipara,100.0,NZ,-35.1667,173.1667,88.0,12.26,2.05
36,byron bay,32.0,AU,-28.65,153.6167,78.0,16.04,1.45
37,ojinaga,1.0,MX,29.5667,-104.4167,44.0,27.45,4.12
38,bredasdorp,96.0,ZA,-34.5322,20.0403,80.0,7.38,3.14
40,kaitangata,10.0,NZ,-46.2817,169.8464,68.0,7.74,2.36
41,albany,2.0,AU,42.6001,-73.9662,95.0,14.93,1.93
42,tasiilaq,100.0,GL,65.6145,-37.6368,98.0,7.09,5.48
43,ushuaia,100.0,AR,-54.8,-68.3,98.0,2.23,2.77
44,bluff,4.0,NZ,-46.6,168.3333,69.0,6.56,4.65
45,hearst,100.0,CA,49.6835,-83.6665,60.0,14.4,3.11
46,sisimiut,100.0,GL,66.9395,-53.6735,85.0,5.94,1.68
47,hermanus,97.0,ZA,-34.4187,19.2345,68.0,8.83,4.67
48,kapaa,90.0,US,22.0752,-159.319,80.0,26.18,0.89
49,yafran,0.0,LY,32.0633,12.5286,43.0,24.72,2.02
50,rincon de la victoria,0.0,ES,36.7172,-4.2758,58.0,29.82,1.55
51,halle,0.0,DE,51.5,12.0,66.0,21.76,1.54
52,sitka,90.0,US,57.0531,-135.33,82.0,12.94,1.54
53,upernavik,100.0,GL,72.7868,-56.1549,93.0,5.03,4.27
54,kodiak,100.0,US,57.79,-152.4072,95.0,11.75,3.72
55,broken hill,92.0,AU,-31.95,141.4333,71.0,6.23,9.23
56,katsuura,10.0,JP,35.1333,140.3,74.0,32.06,3.68
57,quelimane,2.0,MZ,-17.8786,36.8883,54.0,28.12,1.28
58,konskie,100.0,PL,51.1917,20.4061,74.0,20.57,2.47
59,kavieng,99.0,PG,-2.5744,150.7967,76.0,28.2,4.25
60,mayumba,95.0,GA,-3.432,10.6554,74.0,23.39,1.32
61,kathu,85.0,TH,7.9178,98.3332,73.0,31.9,4.84
62,norman wells,30.0,CA,65.282,-126.8329,80.0,16.53,1.85
64,mar del plata,100.0,AR,-38.0023,-57.5575,51.0,9.51,5.36
65,zhanaozen,1.0,KZ,43.3,52.8,13.0,38.4,6.5
66,cururupu,27.0,BR,-1.8283,-44.8683,97.0,22.64,1.47
67,korla,100.0,CN,41.7597,86.1469,14.0,35.21,0.48
69,predivinsk,80.0,RU,57.0669,93.4378,57.0,22.0,2.24
70,tadine,0.0,NC,-21.55,167.8833,75.0,21.18,2.38
71,det udom,100.0,TH,14.906,105.0784,67.0,31.64,5.53
72,chuy,100.0,UY,-33.6971,-53.4616,78.0,7.11,2.12
73,atuona,89.0,PF,-9.8,-139.0333,69.0,25.22,6.33
74,chokurdakh,100.0,RU,70.6333,147.9167,65.0,11.28,3.71
76,preobrazheniye,100.0,RU,42.9019,133.9064,91.0,25.5,2.71
77,san patricio,49.0,MX,28.017,-97.5169,68.0,27.68,2.12
79,havre-saint-pierre,100.0,CA,50.2334,-63.5986,93.0,12.79,2.58
80,lalsot,83.0,IN,26.5667,76.3333,44.0,33.37,3.22
82,bambous virieux,82.0,MU,-20.3428,57.7575,68.0,24.01,8.28
83,zhigansk,100.0,RU,66.7697,123.3711,42.0,21.4,2.71
84,houma,0.0,US,29.5958,-90.7195,95.0,26.11,1.34
85,bloomingdale,1.0,US,27.8936,-82.2404,94.0,28.25,0.0
86,ponta do sol,0.0,CV,32.6667,-17.1,73.0,22.78,1.49
87,bilibino,62.0,RU,68.0546,166.4372,30.0,19.24,2.59
88,geraldton,75.0,AU,-28.7667,114.6,72.0,19.23,3.6
89,tanabe,99.0,JP,33.7333,135.3667,68.0,29.96,1.34
90,kattivakkam,100.0,IN,13.2167,80.3167,54.0,33.05,10.38
91,thunder bay,100.0,CA,48.4001,-89.3168,76.0,17.22,1.21
92,zavodouspenskoye,35.0,RU,56.8626,65.0155,46.0,24.12,0.48
93,qaanaaq,100.0,GL,77.484,-69.3632,85.0,5.05,3.67
95,san fernando,100.0,MX,15.0286,120.6898,92.0,27.76,3.96
96,narsaq,45.0,GL,60.9167,-46.05,90.0,7.12,2.04
97,olafsvik,100.0,IS,64.8945,-23.7142,98.0,11.23,6.31
98,gushikawa,90.0,JP,26.3544,127.8686,94.0,26.57,12.86
99,avarua,5.0,CK,-21.2078,-159.775,94.0,22.03,0.51
100,sao borja,0.0,BR,-28.6606,-56.0044,72.0,10.3,2.97
101,cidreira,3.0,BR,-30.1811,-50.2056,73.0,11.59,2.3
102,saint-philippe,40.0,RE,-21.3585,55.7679,71.0,24.77,6.87
103,lompoc,90.0,US,34.6391,-120.4579,84.0,19.88,3.6
104,victoria,74.0,SC,22.2855,114.1577,76.0,32.92,2.68
105,vardo,75.0,NO,70.3705,31.1107,76.0,8.11,7.2
106,kendari,100.0,ID,-3.945,122.4989,91.0,24.27,0.12
107,ulladulla,79.0,AU,-35.35,150.4667,62.0,12.15,3.39
108,yarim,54.0,YE,14.298,44.3779,69.0,17.09,4.18
109,port alfred,100.0,ZA,-33.5906,26.891,78.0,9.89,13.46
110,walvis bay,0.0,NA,-22.9575,14.5053,38.0,19.07,1.12
111,caconda,0.0,AO,-13.7333,15.0667,22.0,18.18,5.4
112,leningradskiy,85.0,RU,69.3833,178.4167,74.0,3.49,1.31
113,danjiangkou,100.0,CN,32.5428,111.5086,67.0,31.94,4.43
114,saldanha,100.0,ZA,-33.0117,17.9442,69.0,10.07,1.96
115,tukrah,96.0,LY,32.5341,20.5791,66.0,27.36,5.44
116,hithadhoo,97.0,MV,-0.6,73.0833,74.0,27.76,5.24
117,la ronge,6.0,CA,55.1001,-105.2842,79.0,17.2,4.5
118,flin flon,0.0,CA,54.7682,-101.865,97.0,17.29,3.26
119,hasaki,94.0,JP,35.7333,140.8333,74.0,31.27,3.67
120,mangan,96.0,IN,27.5167,88.5333,72.0,30.11,2.68
121,kalmunai,100.0,LK,7.4167,81.8167,48.0,32.39,5.02
122,port lincoln,100.0,AU,-34.7333,135.8667,88.0,9.85,3.21
124,jamestown,20.0,SH,42.097,-79.2353,95.0,13.8,0.89
125,arraial do cabo,3.0,BR,-22.9661,-42.0278,78.0,18.27,1.48
127,evensk,100.0,RU,61.95,159.2333,95.0,9.54,3.42
128,rancho palos verdes,11.0,US,33.7445,-118.387,86.0,25.12,0.89
129,airai,67.0,PW,-8.9266,125.4092,48.0,20.85,1.22
130,kabare,0.0,CD,-2.4683,28.8242,40.0,23.67,2.82
131,bengkulu,29.0,ID,-3.8004,102.2655,64.0,28.99,2.86
132,tuatapere,15.0,NZ,-46.1333,167.6833,84.0,6.57,1.53
133,port hedland,22.0,AU,-20.3167,118.5667,48.0,29.03,7.2
134,makakilo city,1.0,US,21.3469,-158.0858,67.0,25.18,2.57
135,aksu,99.0,CN,41.1231,80.2644,77.0,19.3,0.02
136,ribeira grande,40.0,PT,38.5167,-28.7,77.0,19.22,2.06
138,poim,25.0,RU,53.0264,43.1872,62.0,21.14,3.59
139,cherskiy,100.0,RU,68.75,161.3,56.0,16.25,3.17
140,marsh harbour,100.0,BS,26.5412,-77.0636,76.0,28.07,4.74
141,kampot,100.0,KH,10.6167,104.1833,64.0,31.03,6.49
142,boende,57.0,CD,-0.2167,20.8667,34.0,32.25,1.0
143,taoudenni,0.0,ML,22.6783,-3.9836,14.0,37.93,3.8
144,sinegorye,100.0,RU,62.0788,150.477,93.0,15.34,1.09
145,severo-kurilsk,86.0,RU,50.6789,156.125,95.0,10.72,1.34
146,chumikan,53.0,RU,54.7183,135.315,66.0,22.61,2.15
147,paso de los toros,36.0,UY,-32.8167,-56.5167,70.0,7.42,3.88
148,biloela,0.0,AU,-24.4167,150.5,44.0,12.88,4.51
149,grand gaube,76.0,MU,-20.0064,57.6608,60.0,24.1,6.26
150,tevaitoa,21.0,PF,-16.7833,-151.5,79.0,25.69,6.63
151,yangambi,98.0,CD,0.8102,24.4336,44.0,30.43,1.08
152,boca do acre,5.0,BR,-8.7522,-67.3978,63.0,17.95,1.22
153,san carlos,96.0,BO,9.6612,-68.5827,91.0,22.65,0.19
154,yatou,82.0,CN,37.15,122.3833,68.0,29.06,3.1
155,uvat,100.0,RU,59.1433,68.8953,42.0,26.32,1.34
156,ostrovnoy,100.0,RU,68.0531,39.5131,85.0,8.92,2.66
157,guerrero negro,7.0,MX,27.9769,-114.0611,87.0,20.53,3.7
158,areka,100.0,ET,7.0667,37.7,77.0,19.52,2.17
159,mindelo,20.0,CV,16.8901,-24.9804,83.0,24.75,4.12
160,mahebourg,66.0,MU,-20.4081,57.7,67.0,24.03,8.4
161,verkhoyansk,0.0,RU,67.5447,133.385,33.0,22.52,3.74
162,fomboni,1.0,KM,-12.28,43.7425,71.0,25.35,8.78
163,coihaique,90.0,CL,-45.5752,-72.0662,81.0,8.97,4.63
165,roald,75.0,NO,62.5833,6.1333,88.0,17.87,6.17
166,longyearbyen,75.0,SJ,78.2186,15.6401,70.0,6.91,2.06
167,high level,90.0,CA,58.5169,-117.136,100.0,14.06,3.09
168,deputatskiy,99.0,RU,69.3,139.9,60.0,13.78,3.9
169,warri,85.0,NG,5.5167,5.75,68.0,27.27,2.75
170,maraa,100.0,BR,-1.8333,-65.3667,89.0,23.33,0.24
171,camacha,40.0,PT,33.0833,-16.3333,83.0,20.85,4.12
172,beringovskiy,69.0,RU,63.05,179.3167,68.0,12.92,2.53
173,sibolga,100.0,ID,1.7427,98.7792,61.0,30.29,2.31
174,pachora,100.0,IN,20.6667,75.35,64.0,30.23,7.86
175,avon park,86.0,US,27.5959,-81.5062,94.0,26.03,1.86
176,klaksvik,56.0,FO,62.2266,-6.589,90.0,10.51,4.51
178,daru,90.0,PG,-9.0763,143.2092,78.0,25.54,6.55
179,trincomalee,56.0,LK,8.5711,81.2335,49.0,33.33,9.49
180,hualmay,39.0,PE,-11.0964,-77.6139,86.0,16.63,3.59
181,east london,67.0,ZA,-33.0153,27.9116,68.0,9.66,13.13
183,dingle,98.0,IE,10.9995,122.6711,74.0,28.64,7.36
184,cedar city,1.0,US,37.6775,-113.0619,52.0,22.44,2.57
185,pisco,90.0,PE,-13.7,-76.2167,88.0,16.12,0.51
186,manzanillo,3.0,MX,20.3433,-77.1167,92.0,22.9,3.82
187,balkhash,20.0,KZ,46.844,74.9804,27.0,32.34,11.0
188,rawson,100.0,AR,-43.3002,-65.1023,56.0,10.96,3.36
189,gambela,100.0,ET,8.25,34.5833,83.0,24.02,0.93
191,rinconada,61.0,MX,19.35,-96.5167,95.0,24.59,1.88
192,challans,34.0,FR,46.8436,-1.8749,48.0,25.54,6.92
193,tanout,65.0,NE,14.9709,8.8879,47.0,30.87,7.03
194,west wendover,75.0,US,40.7391,-114.0733,57.0,25.56,2.06
195,blagoveshchenka,0.0,RU,52.8333,79.8667,34.0,28.19,4.84
196,corinto,6.0,NI,37.9407,22.9573,44.0,32.57,5.9
197,grand-santi,38.0,GF,4.25,-54.3833,99.0,21.77,0.91
198,yulara,0.0,AU,-25.2406,130.9889,20.0,22.91,8.23
199,nalbari,62.0,IN,26.4456,91.4354,62.0,33.99,2.05
200,langres,1.0,FR,47.8333,5.3333,74.0,19.47,2.61
201,fortuna,90.0,US,40.5982,-124.1573,93.0,13.25,0.0
202,elizabeth city,1.0,US,36.2946,-76.2511,94.0,23.34,2.06
203,namibe,0.0,AO,-15.1961,12.1522,37.0,24.49,1.53
204,jawhar,87.0,IN,2.7809,45.5005,53.0,30.0,9.36
205,hamilton,1.0,BM,39.1834,-84.5333,89.0,18.85,0.0
206,padang,84.0,ID,-0.9492,100.3543,64.0,30.04,2.63
207,saskylakh,100.0,RU,71.9167,114.0833,40.0,21.84,7.46
210,roebourne,45.0,AU,-20.7833,117.1333,31.0,30.04,4.97
211,bud,11.0,NO,39.447,-86.1758,94.0,20.88,2.49
212,roma,1.0,AU,43.2128,-75.4557,95.0,14.91,0.0
213,sakakah,0.0,SA,29.9697,40.2064,13.0,37.57,5.23
214,foumban,100.0,CM,5.7291,10.9001,89.0,19.77,0.34
215,muli,99.0,MV,2.9167,73.5667,75.0,28.08,5.74
216,shache,7.0,CN,38.4167,77.2406,29.0,28.91,2.4
217,havelock,1.0,US,34.8791,-76.9013,89.0,26.07,1.79
218,hidaka,50.0,JP,42.8728,142.4406,71.0,21.51,2.54
219,sur,92.0,OM,22.5667,59.5289,48.0,36.51,2.46
220,otane,84.0,NZ,-39.8833,176.6333,73.0,11.12,3.74
221,port elizabeth,75.0,ZA,-33.918,25.5701,87.0,8.16,9.26
222,svetlogorsk,0.0,RU,52.6333,29.7333,42.0,20.4,5.14
223,qasigiannguit,98.0,GL,68.8193,-51.1922,79.0,9.14,0.47
224,colares,40.0,PT,38.7992,-9.4469,78.0,19.88,3.13
225,harer,82.0,ET,9.3094,42.1258,62.0,19.23,5.51
226,bethel,0.0,US,41.3712,-73.414,87.0,18.9,2.73
227,springbok,6.0,ZA,-29.6643,17.8865,62.0,5.72,3.67
228,nikolskoye,100.0,RU,59.7035,30.7861,48.0,19.66,5.35
229,slobodskoy,100.0,RU,58.7322,50.1772,56.0,19.66,2.38
230,tiksi,95.0,RU,71.6872,128.8694,87.0,5.85,2.73
231,provideniya,100.0,RU,64.3833,-173.3,76.0,6.31,0.7
232,goderich,100.0,SL,43.7501,-81.7165,69.0,11.62,2.91
235,souillac,29.0,MU,-20.5167,57.5167,65.0,24.09,7.88
236,hilo,90.0,US,19.7297,-155.09,87.0,24.04,0.0
238,san cristobal,99.0,EC,7.7669,-72.225,93.0,18.36,1.78
239,waingapu,0.0,ID,-9.6567,120.2641,56.0,28.43,6.11
240,ivankiv,0.0,UA,50.9386,29.8943,46.0,20.14,5.54
241,el cope,100.0,PA,8.6167,-80.6,93.0,22.7,2.13
242,tessalit,94.0,ML,20.1986,1.0114,41.0,32.93,3.85
243,torbay,100.0,CA,47.6666,-52.7314,99.0,9.86,4.72
244,saravan,0.0,LA,39.7196,45.6483,30.0,28.36,3.15
245,micheweni,2.0,TZ,-4.9667,39.8333,63.0,26.92,5.58
246,krasnoselkup,100.0,RU,65.7,82.4667,93.0,17.25,11.18
247,harlingen,75.0,NL,26.1906,-97.6961,100.0,24.95,1.54
248,soure,12.0,BR,-0.7167,-48.5233,82.0,25.79,4.31
249,pangody,70.0,RU,65.85,74.4859,61.0,19.04,5.94
251,new york,1.0,US,40.7143,-74.006,78.0,20.68,0.45
252,arlit,2.0,NE,18.7369,7.3853,35.0,33.22,6.03
254,pauini,5.0,BR,-7.7136,-66.9764,67.0,18.42,1.18
255,yumen,43.0,CN,40.2833,97.2,26.0,33.08,9.6
256,nanortalik,57.0,GL,60.1432,-45.2371,94.0,5.47,5.47
257,la seyne-sur-mer,2.0,FR,43.0982,5.8847,72.0,29.74,0.89
258,praia,20.0,CV,14.9215,-23.5087,83.0,25.3,2.06
260,coquimbo,90.0,CL,-29.9533,-71.3436,93.0,8.85,2.06
261,vila velha,40.0,BR,-20.3297,-40.2925,94.0,17.97,0.0
262,isla mujeres,3.0,MX,21.2311,-86.731,81.0,27.94,4.75
263,kitimat,100.0,CA,54.0524,-128.6534,84.0,13.84,1.85
264,kavaratti,100.0,IN,10.5669,72.642,81.0,28.14,10.69
265,talnakh,99.0,RU,69.4865,88.3972,39.0,22.66,8.99
267,tamandare,49.0,BR,-8.7597,-35.1047,80.0,23.61,5.03
268,te karaka,5.0,NZ,-38.4654,177.8679,81.0,11.37,2.34
269,tha mai,98.0,TH,12.6214,102.0048,80.0,32.45,4.88
270,margate,0.0,ZA,51.3813,1.3862,72.0,22.75,1.79
271,saint george,1.0,BM,37.1041,-113.5841,50.0,29.24,0.45
272,garissa,11.0,KE,-0.4536,39.6401,48.0,29.52,10.01
273,khasan,99.0,RU,42.4308,130.6434,77.0,27.51,4.68
274,carnarvon,0.0,AU,-24.8667,113.6333,54.0,21.04,5.66
275,aquiraz,7.0,BR,-3.9014,-38.3911,79.0,25.05,6.07
276,aykhal,53.0,RU,66.0,111.5,58.0,19.9,4.8
277,carazinho,0.0,BR,-28.2839,-52.7864,68.0,9.37,3.35
278,axim,98.0,GH,4.8699,-2.2405,75.0,25.92,2.57
279,aswan,72.0,EG,24.0934,32.907,15.0,39.45,4.77
280,clyde river,100.0,CA,70.4692,-68.5914,96.0,2.85,0.97
281,uddevalla,4.0,SE,58.3478,11.9424,65.0,21.85,3.58
282,fort nelson,33.0,CA,58.8053,-122.7002,96.0,10.48,1.32
283,mocuba,4.0,MZ,-16.8392,36.9856,46.0,29.11,2.08
284,pedernales,10.0,DO,18.0384,-71.744,73.0,26.37,1.99
285,novobiryusinskiy,100.0,RU,56.9578,97.7076,58.0,21.0,2.26
286,grindavik,90.0,IS,63.8424,-22.4338,100.0,13.64,6.69
287,necochea,100.0,AR,-38.5473,-58.7368,71.0,7.8,4.97
288,belyy,0.0,RU,55.8402,32.9419,39.0,18.36,3.87
289,magrath,0.0,CA,49.4167,-112.8686,61.0,17.71,3.56
290,porbandar,100.0,IN,21.6422,69.6093,81.0,29.21,9.44
291,moultrie,1.0,US,31.1799,-83.7891,88.0,25.77,0.0
292,samarai,98.0,PG,-10.6167,150.6667,74.0,25.39,5.28
293,constitucion,100.0,MX,-35.3333,-72.4167,86.0,11.31,0.88
294,asfi,0.0,MA,32.2994,-9.2372,69.0,22.76,7.4
296,girua,0.0,BR,-28.0283,-54.3497,69.0,10.41,2.25
297,mehamn,100.0,NO,71.0357,27.8492,72.0,7.1,9.51
299,san pedro,90.0,AR,14.35,121.0167,94.0,27.31,1.54
300,jinka,64.0,ET,5.65,36.65,45.0,25.07,1.53
301,lebu,100.0,CL,-37.6167,-73.65,90.0,9.31,1.85
302,georgetown,20.0,SH,5.4112,100.3354,66.0,32.96,7.2
303,naze,100.0,JP,28.3667,129.4833,90.0,25.09,11.97
305,lumphat,100.0,KH,13.4878,106.9816,90.0,26.82,3.01
306,antofagasta,31.0,CL,-23.65,-70.4,76.0,12.6,0.85
307,krasnovishersk,100.0,RU,60.4078,57.082,57.0,20.52,2.64
308,balod,100.0,IN,20.73,81.2047,60.0,31.69,1.09
309,paamiut,100.0,GL,61.994,-49.6678,83.0,5.85,1.55
310,broome,1.0,AU,42.2506,-75.833,88.0,14.21,2.57
311,husavik,1.0,IS,66.0449,-17.3389,76.0,13.7,0.39
312,toamasina,13.0,MG,-18.1667,49.3833,67.0,23.34,2.49
313,salto,1.0,UY,-31.3833,-57.9667,96.0,7.15,1.34
314,vila franca do campo,99.0,PT,37.7167,-25.4333,78.0,19.23,3.22
315,saint anthony,1.0,CA,45.0205,-93.218,90.0,23.18,1.34
316,keflavik,90.0,IS,64.0049,-22.5624,100.0,13.62,6.69
317,yanam,100.0,IN,16.7333,82.2167,90.0,27.22,5.2
318,porto novo,99.0,CV,6.4965,2.6036,70.0,26.12,3.23
319,fairbanks,75.0,US,64.8378,-147.7164,52.0,22.0,2.57
320,vanimo,90.0,PG,-2.6741,141.3028,78.0,28.13,2.51
321,pocone,0.0,BR,-16.2567,-56.6228,33.0,16.91,1.4
322,bharatpur,92.0,NP,27.2167,77.4833,68.0,30.36,4.86
323,vestmannaeyjar,100.0,IS,63.4427,-20.2734,94.0,11.82,3.62
324,ritchie,38.0,ZA,-29.038,24.6028,62.0,4.56,6.06
325,nanakuli,1.0,US,21.3906,-158.1547,69.0,25.97,2.57
326,port macquarie,4.0,AU,-31.4333,152.9167,79.0,11.98,2.95
327,labuhan,43.0,ID,-6.8844,112.2051,63.0,30.0,5.06
328,cajabamba,8.0,PE,-7.6167,-78.05,84.0,8.14,1.8
329,nantucket,0.0,US,41.2835,-70.0995,88.0,19.98,7.89
330,kenai,90.0,US,60.5544,-151.2583,96.0,13.35,3.6
331,aksarka,91.0,RU,66.5606,67.7975,42.0,16.69,8.49
332,hambantota,100.0,LK,6.1241,81.1185,62.0,30.65,11.3
333,calama,0.0,CL,-22.4667,-68.9333,12.0,8.27,9.77
334,ribas do rio pardo,12.0,BR,-20.4431,-53.7592,29.0,13.19,1.66
335,noumea,1.0,NC,-22.2763,166.4572,76.0,19.99,4.39
336,bereda,100.0,SO,43.2686,-7.5406,100.0,18.01,0.21
337,sorong,100.0,ID,-0.8833,131.25,82.0,26.14,7.37
338,tripoli,0.0,LY,32.8752,13.1875,62.0,26.82,1.38
339,tchibanga,74.0,GA,-2.85,11.0333,66.0,23.97,0.72
340,lisburn,91.0,GB,54.5234,-6.0353,64.0,23.12,2.06
341,san quintin,100.0,MX,30.4833,-115.95,86.0,20.78,3.22
343,kulhudhuffushi,100.0,MV,6.6221,73.07,77.0,28.18,9.24
344,kahului,1.0,US,20.8947,-156.47,83.0,24.59,8.23
345,sambava,1.0,MG,-14.2667,50.1667,61.0,24.63,6.46
346,honiara,95.0,SB,-9.4333,159.95,90.0,25.71,4.04
347,ruston,2.0,US,32.5232,-92.6379,94.0,23.83,0.77
348,fryanovo,1.0,RU,56.1333,38.45,42.0,20.69,4.15
350,poum,0.0,NC,-20.2333,164.0167,72.0,21.95,5.67
351,bubaque,50.0,GW,11.2833,-15.8333,81.0,26.87,4.99
352,svetlaya,100.0,RU,46.5389,138.3297,83.0,23.44,4.06
353,caravelas,23.0,BR,-17.7125,-39.2481,84.0,19.3,0.89
354,ancud,100.0,CL,-41.8697,-73.8203,89.0,8.74,5.24
355,suntar,96.0,RU,62.1444,117.6319,44.0,26.77,1.36
356,chicama,52.0,PE,-7.8447,-79.1469,87.0,17.43,1.46
357,vernon,0.0,US,50.2581,-119.2691,48.0,12.67,2.02
358,ntcheu,53.0,MW,-14.8203,34.6359,43.0,23.49,2.57
359,les cayes,70.0,HT,18.2,-73.75,86.0,25.11,1.19
360,karaton,71.0,KZ,-6.3424,106.1045,64.0,33.86,1.64
361,lacombe,38.0,CA,52.4668,-113.7353,90.0,12.73,3.0
362,tuy hoa,94.0,VN,13.0833,109.3,48.0,33.61,6.8
363,cabra,0.0,PH,37.4725,-4.4421,30.0,29.81,0.64
364,ugoofaaru,86.0,MV,5.6667,73.0,76.0,28.35,7.92
365,ponta delgada,20.0,PT,37.7333,-25.6667,77.0,19.4,5.66
368,cockburn town,0.0,TC,21.4612,-71.1419,75.0,27.45,8.45
369,nishihara,75.0,JP,26.1842,127.7558,89.0,26.6,9.77
370,maragogi,76.0,BR,-9.0122,-35.2225,81.0,23.31,5.43
371,ocos,15.0,GT,14.5094,-92.1933,80.0,27.6,3.31
373,nome,1.0,US,64.5011,-165.4064,70.0,7.04,5.14
374,temyasovo,0.0,RU,52.9933,58.1014,31.0,29.2,4.21
375,masakin,0.0,TN,35.7292,10.5808,65.0,29.69,5.14
376,henties bay,0.0,NA,-22.116,14.2845,50.0,17.31,2.06
377,villa san giovanni,6.0,IT,38.2276,15.6386,60.0,29.89,1.34
378,saint-francois,0.0,GP,46.4154,3.9054,74.0,23.6,1.03
379,lavrentiya,100.0,RU,65.5833,-171.0,88.0,3.35,2.93
380,chernyshevskiy,100.0,RU,63.0128,112.4714,52.0,21.32,0.62
382,karla,20.0,EE,59.3723,24.9275,56.0,23.09,8.75
384,yar-sale,17.0,RU,66.8333,70.8333,41.0,21.15,8.1
385,luderitz,62.0,NA,-26.6481,15.1594,28.0,14.18,6.22
386,barahona,18.0,DO,18.2085,-71.1008,85.0,25.24,1.2
387,alekseyevsk,77.0,RU,57.8406,108.3492,51.0,27.05,2.57
388,kingaroy,2.0,AU,-26.5333,151.8333,58.0,10.58,2.37
390,karratha,17.0,AU,-20.7377,116.8463,31.0,29.62,6.61
391,nanlong,48.0,CN,31.3533,106.0631,64.0,32.18,2.99
392,sioux lookout,90.0,CA,50.1001,-91.917,72.0,17.04,1.54
393,santa maria,0.0,CV,-29.6842,-53.8069,74.0,7.65,1.82
394,jejuri,100.0,IN,18.2833,74.1667,88.0,22.87,7.57
395,umm lajj,8.0,SA,25.0213,37.2685,64.0,32.34,7.72
397,keetmanshoop,3.0,NA,-26.5833,18.1333,21.0,8.3,2.44
398,khor,84.0,QA,47.8861,134.9464,66.0,30.07,2.12
399,burmakino,0.0,RU,57.4166,40.2369,42.0,18.76,4.0
400,lufilufi,21.0,WS,-13.8745,-171.5986,79.0,22.88,9.69
401,sao joao da barra,7.0,BR,-21.6403,-41.0511,88.0,16.45,2.38
402,kamakwie,100.0,SL,9.5,-12.2333,96.0,23.36,1.65
403,harlow,0.0,GB,51.7766,0.1116,73.0,24.12,1.54
404,lima,90.0,PE,-12.0432,-77.0282,87.0,16.61,4.12
405,belaya gora,5.0,RU,68.5333,146.4167,41.0,19.0,3.06
406,saint-georges,20.0,GF,12.0564,-61.7485,83.0,26.82,5.14
407,williston,0.0,US,48.147,-103.618,88.0,22.95,1.04
408,teluk intan,100.0,MY,4.0259,101.0213,50.0,33.3,3.06
409,acucena,0.0,BR,-19.0731,-42.5464,94.0,12.89,0.52
410,newnan,18.0,US,33.3807,-84.7997,93.0,23.49,1.41
411,vilhena,0.0,BR,-12.7406,-60.1458,55.0,17.09,1.6
412,chunoyar,72.0,RU,57.4467,97.3217,34.0,25.08,3.59
413,lhokseumawe,83.0,ID,5.1801,97.1507,67.0,30.35,3.73
414,cambridge,68.0,GB,43.3601,-80.3127,85.0,14.81,3.17
416,boden,64.0,SE,65.8252,21.6886,44.0,17.0,6.3
417,kalabo,0.0,ZM,-14.97,22.6814,17.0,21.88,4.52
418,te anau,19.0,NZ,-45.4167,167.7167,93.0,3.89,0.24
419,soe,13.0,ID,-9.8607,124.284,32.0,25.96,3.45
420,muros,9.0,ES,42.7762,-9.0603,83.0,20.47,0.52
421,natal,75.0,BR,-5.795,-35.2094,94.0,22.36,2.06
422,tecoanapa,99.0,MX,16.5167,-98.75,86.0,25.58,2.21
423,oyama,82.0,JP,36.3,139.8,47.0,33.66,5.76
424,jutai,13.0,BR,-5.1833,-68.9,79.0,19.29,1.11
425,oranjemund,41.0,NA,-28.55,16.4333,58.0,12.87,7.69
426,ban nahin,98.0,LA,18.2418,104.2122,97.0,24.98,1.74
427,chachapoyas,44.0,PE,-6.2317,-77.869,97.0,8.25,2.02
428,kimbe,78.0,PG,-5.5502,150.1429,88.0,26.06,1.34
429,chilliwack,7.0,CA,49.1747,-121.9443,65.0,16.21,0.51
430,pangnirtung,99.0,CA,66.1451,-65.7125,88.0,4.69,2.35
431,olinda,40.0,BR,-8.0089,-34.8553,78.0,22.85,5.14
432,acarau,22.0,BR,-2.8856,-40.12,80.0,24.81,6.41
433,nortelandia,1.0,BR,-14.4547,-56.8028,38.0,17.34,0.46
434,ust-kuyga,84.0,RU,70.0167,135.6,54.0,17.01,5.56
435,sagua de tanamo,16.0,CU,20.5819,-75.2414,95.0,23.0,1.73
437,vao,2.0,NC,-22.6667,167.4833,68.0,21.86,6.81
438,itarema,26.0,BR,-2.9248,-39.9167,79.0,24.68,6.38
439,fredericton,90.0,CA,45.9454,-66.6656,96.0,13.47,0.89
440,marzuq,31.0,LY,14.4,46.4667,49.0,28.75,3.56
441,floro,75.0,NO,61.5996,5.0328,100.0,15.68,3.09
442,saint-pierre,20.0,PM,-21.3393,55.4781,63.0,24.82,2.57
444,altagracia de orituco,37.0,VE,9.8601,-66.3814,93.0,21.18,1.52
445,kokopo,99.0,PG,-4.352,152.2633,85.0,26.23,3.48
446,ilulissat,20.0,GL,69.2167,-51.1,61.0,9.01,3.09
447,treinta y tres,83.0,UY,-33.2333,-54.3833,71.0,6.4,1.76
448,urumqi,0.0,CN,43.801,87.6005,21.0,32.53,6.0
450,methoni,0.0,GR,36.8197,21.7049,67.0,30.92,2.97
451,ballina,21.0,AU,-28.8667,153.5667,76.0,12.1,1.36
452,pilar,50.0,PH,-9.5972,-35.9567,90.0,20.96,1.68
453,dukat,100.0,RU,62.55,155.55,94.0,12.16,2.32
454,strezhevoy,75.0,RU,60.7333,77.5889,74.0,22.99,5.33
456,pevek,9.0,RU,69.7008,170.3133,62.0,7.22,2.89
457,pochutla,79.0,MX,15.7432,-96.4661,82.0,25.46,1.97
458,camrose,12.0,CA,53.0168,-112.8353,90.0,12.59,4.08
459,yabrud,0.0,SY,33.9674,36.6574,16.0,26.81,1.81
460,weligama,100.0,LK,5.9667,80.4167,82.0,27.6,7.07
461,arrifes,20.0,PT,37.7667,-25.7,73.0,19.14,5.66
462,maningrida,26.0,AU,-12.0667,134.2667,64.0,25.48,4.99
463,alta floresta,0.0,BR,-9.8756,-56.0861,50.0,18.21,1.94
464,stromness,22.0,GB,58.965,-3.296,88.0,12.98,3.79
465,macklin,40.0,CA,52.3334,-109.9348,47.0,19.63,3.82
466,balikpapan,40.0,ID,-1.2675,116.8289,70.0,29.55,1.54
467,kuhdasht,7.0,IR,33.535,47.6061,12.0,37.73,5.02
469,iraquara,83.0,BR,-12.2486,-41.6194,95.0,16.84,2.74
470,srednekolymsk,100.0,RU,67.45,153.6833,51.0,19.59,1.34
471,sao mateus do sul,0.0,BR,-25.8742,-50.3828,78.0,6.35,0.67
472,inyonga,5.0,TZ,-6.7167,32.0667,37.0,25.49,4.17
473,ascension,1.0,MX,30.2169,-90.9001,96.0,26.15,0.0
474,entre rios,17.0,BR,-11.9419,-38.0844,98.0,18.34,0.95
476,sayyan,42.0,YE,15.1718,44.3244,62.0,19.67,3.87
477,thinadhoo,100.0,MV,0.5333,72.9333,74.0,27.88,4.2
478,mineiros,0.0,BR,-17.5694,-52.5511,44.0,13.86,1.56
479,portland,1.0,AU,45.5234,-122.6762,76.0,15.99,0.89
480,werda,0.0,BW,-25.2667,23.2833,24.0,7.71,3.9
481,faanui,15.0,PF,-16.4833,-151.75,77.0,25.89,6.76
483,koumac,2.0,NC,-20.5667,164.2833,75.0,20.62,3.05
484,diffa,100.0,NE,13.3154,12.6113,62.0,28.11,7.55
485,mount gambier,90.0,AU,-37.8333,140.7667,93.0,5.95,7.72
486,custodia,91.0,BR,-8.0875,-37.6431,93.0,17.29,3.33
487,lagoa,88.0,PT,39.05,-27.9833,75.0,19.37,7.08
488,darbhanga,99.0,IN,26.1667,85.9,49.0,36.15,5.97
489,homer,90.0,US,59.6425,-151.5483,94.0,13.38,0.0
490,ketchikan,90.0,US,55.3422,-131.6461,94.0,13.26,2.06
491,bay roberts,100.0,CA,47.5999,-53.2648,98.0,10.28,3.58
492,fallon,1.0,US,39.4735,-118.7774,22.0,25.88,3.09
493,lorengau,100.0,PG,-2.0226,147.2712,80.0,27.58,2.37
494,carmen,4.0,MX,18.6333,-91.8333,78.0,26.45,7.51
495,taylor,1.0,US,32.3001,-99.8337,78.0,22.85,1.34
497,moose factory,90.0,CA,51.2585,-80.6094,94.0,15.0,1.03
498,tsaratanana,2.0,MG,-16.7833,47.65,46.0,24.92,6.81
499,soni,17.0,TZ,-4.85,38.3667,55.0,22.18,3.12
500,anloga,100.0,GH,5.7947,0.8973,76.0,25.58,5.82
501,anadyr,40.0,RU,64.75,177.4833,81.0,10.28,2.68
502,ola,100.0,RU,59.5833,151.2833,95.0,12.51,2.28
503,stornoway,75.0,GB,58.2093,-6.3865,94.0,13.85,2.57
504,tomohon,79.0,ID,1.3346,124.8392,86.0,20.52,0.89
505,kampong thum,99.0,KH,12.7111,104.8887,56.0,32.02,4.22
506,bonito,2.0,BR,-21.1211,-56.4819,24.0,14.52,0.39
507,morgan city,1.0,US,29.6994,-91.2068,94.0,26.11,0.0
508,nilanga,100.0,IN,18.1,76.7667,88.0,23.5,9.54
509,gemena,100.0,CD,3.25,19.7667,50.0,29.56,1.61
510,zhezkazgan,0.0,KZ,47.8043,67.7144,22.0,30.66,6.76
511,baherden,0.0,TM,38.4362,57.4316,12.0,39.47,3.72
512,matara,100.0,LK,5.9485,80.5353,81.0,27.83,7.15
513,gwadar,5.0,PK,25.1216,62.3254,72.0,32.1,3.14
514,jumla,99.0,NP,29.2747,82.1838,82.0,21.0,1.15
515,talara,9.0,PE,-4.5772,-81.2719,83.0,18.78,7.12
516,pacific grove,90.0,US,36.6177,-121.9166,89.0,15.7,1.34
517,novoilinsk,62.0,RU,51.6829,108.7143,64.0,23.55,2.31
518,inhambane,0.0,MZ,-23.865,35.3833,60.0,23.99,3.6
519,waipawa,100.0,NZ,-41.4122,175.5153,94.0,9.35,4.62
520,moree,100.0,AU,-29.4667,149.85,55.0,10.22,3.96
521,xiongzhou,26.0,CN,25.1167,114.3,49.0,34.71,1.25
522,dortyol,55.0,TR,36.8616,36.2289,68.0,32.81,4.15
523,garowe,14.0,SO,8.4054,48.4845,36.0,31.61,14.72
525,port blair,100.0,IN,11.6667,92.75,82.0,28.69,9.82
526,douglas,1.0,US,41.3,-96.167,82.0,22.93,1.79
527,neuquen,0.0,AR,-38.9516,-68.0591,87.0,2.94,1.54
528,olbia,0.0,IT,40.9214,9.4856,35.0,30.03,4.12
529,rodeo,1.0,MX,38.033,-122.2669,81.0,16.59,1.79
530,mittagong,87.0,AU,-34.45,150.45,68.0,9.0,0.98
531,ferme-neuve,24.0,CA,46.7001,-75.4493,72.0,10.88,1.55
532,nurota,0.0,UZ,40.5614,65.6886,15.0,35.05,5.97
533,port-gentil,40.0,GA,-0.7193,8.7815,73.0,25.98,6.69
534,male,100.0,MV,4.1748,73.5089,76.0,28.0,7.11
535,los llanos de aridane,20.0,ES,28.6585,-17.9182,81.0,19.86,9.26
536,toumodi,100.0,CI,6.5613,-5.0158,93.0,23.28,1.48
537,salo,56.0,FI,45.6086,10.531,64.0,29.07,1.37
538,batagay-alyta,9.0,RU,67.8006,130.4114,37.0,21.08,3.25
539,bakchar,25.0,RU,57.0186,82.0711,34.0,29.19,0.62
540,mopipi,0.0,BW,-21.1833,24.8833,9.0,14.48,4.62
541,kirovohrad,11.0,UA,48.5132,32.2597,55.0,23.08,7.67
542,kidal,51.0,ML,18.4411,1.4078,48.0,31.05,4.38
543,balgazyn,96.0,RU,51.0,95.2,21.0,33.72,2.38
544,hedaru,47.0,TZ,-4.5,37.9,53.0,25.66,3.53
545,mehran,0.0,IR,33.1222,46.1646,9.0,44.71,7.25
546,san jose,1.0,BO,37.3394,-121.895,80.0,16.93,2.57
547,luwuk,97.0,ID,-0.9516,122.7875,90.0,25.34,2.66
548,montevideo,0.0,UY,-34.8335,-56.1674,87.0,5.84,1.54
549,tezu,14.0,IN,27.9167,96.1667,48.0,36.55,0.91
550,katherine,35.0,AU,-14.4667,132.2667,12.0,33.18,1.54
551,glens falls,20.0,US,43.3095,-73.644,95.0,15.46,0.0
552,yamada,100.0,JP,39.4667,141.95,94.0,23.34,2.6
553,mwinilunga,35.0,ZM,-11.7358,24.4293,30.0,21.67,4.69
554,harrisburg,1.0,US,40.2737,-76.8844,84.0,17.96,0.45
555,luganville,8.0,VU,-15.5333,167.1667,84.0,25.74,1.9
556,pallasovka,77.0,RU,50.05,46.8833,44.0,30.03,3.12
557,mahibadhoo,100.0,MV,3.7833,72.9667,77.0,28.06,6.35
558,salalah,75.0,OM,17.0151,54.0924,83.0,28.05,6.17
559,beitbridge,0.0,ZW,-22.2167,30.0,20.0,23.14,4.01
560,kisangani,67.0,CD,0.5167,25.2,41.0,31.01,0.91
561,ankazobe,0.0,MG,-18.3167,47.1167,48.0,19.23,5.27
562,hurghada,0.0,EG,27.2574,33.8129,33.0,34.77,10.27
563,tura,86.0,RU,25.5198,90.2201,64.0,32.13,0.49
564,san ramon,1.0,BO,37.7799,-121.978,83.0,16.12,3.58
565,menomonie,94.0,US,44.8755,-91.9193,98.0,21.36,2.75
566,barra do garcas,0.0,BR,-15.89,-52.2567,41.0,17.71,1.28
567,phayakkhaphum phisai,100.0,TH,15.5163,103.1937,56.0,34.12,4.49
568,druzhba,0.0,UA,52.0428,33.9453,51.0,20.45,6.0
569,gandia,0.0,ES,38.9667,-0.1833,69.0,29.61,0.89
570,koutiala,100.0,ML,12.3917,-5.4642,79.0,25.57,5.01
571,taranagar,62.0,IN,28.6709,75.0351,43.0,35.56,1.18
573,cabo san lucas,0.0,MX,22.8909,-109.9124,75.0,28.23,3.03
574,okha,95.0,RU,53.5739,142.9478,76.0,22.77,3.77
575,san matias,0.0,BO,-16.3667,-58.4,33.0,16.74,1.35
576,torrington,0.0,US,41.8007,-73.1212,90.0,17.45,1.34
577,aranos,0.0,NA,-24.1333,19.1167,19.0,8.07,4.38
578,krutinka,91.0,RU,56.0055,71.5113,43.0,26.56,5.8
580,port moresby,88.0,PG,-9.4431,147.1797,76.0,25.92,8.1
581,nioro,76.0,ML,13.35,-15.75,84.0,26.74,3.19
582,lokosovo,77.0,RU,61.1333,74.8167,46.0,23.36,4.4
583,oktyabrskiy,97.0,RU,54.4815,53.471,42.0,29.65,7.9
584,sivas,40.0,TR,39.7916,37.0019,60.0,23.35,5.66
585,ipatinga,90.0,BR,-19.4683,-42.5367,100.0,11.04,0.0
586,ostersund,90.0,SE,63.1792,14.6357,82.0,13.12,10.29
587,wukari,100.0,NG,7.85,9.7833,90.0,23.86,4.0
588,kloulklubed,73.0,PW,7.0419,134.2556,74.0,30.28,6.9
589,qinggang,100.0,CN,46.6833,126.0833,64.0,29.66,1.57
590,krynychky,100.0,UA,48.3755,34.467,61.0,22.29,7.94
591,obidos,44.0,BR,-1.9175,-55.5181,86.0,23.42,2.05
592,canberra,84.0,AU,-35.2835,149.1281,81.0,5.84,2.06
593,ushtobe,48.0,KZ,45.2514,77.9838,15.0,36.29,1.59
594,udachnyy,90.0,RU,66.4167,112.4,53.0,20.72,3.13
595,bayanday,3.0,RU,53.0661,105.5139,42.0,26.9,1.93
596,kamina,44.0,CD,-8.7386,24.9906,20.0,26.76,5.14
597,sao filipe,16.0,CV,14.8961,-24.4956,85.0,24.48,2.88
598,cooma,73.0,AU,-36.2333,149.1333,73.0,2.01,1.84
600,ayagoz,100.0,KZ,47.9714,80.4392,41.0,25.06,4.73
601,bulgan,0.0,MN,48.8125,103.5347,46.0,25.89,2.17
602,kaiyuan,54.0,CN,23.6977,103.3037,63.0,28.11,1.37
603,gallup,100.0,US,35.5281,-108.7426,73.0,21.42,0.45
604,egvekinot,100.0,RU,66.3167,-179.1667,86.0,5.06,4.34
605,halifax,100.0,CA,44.6453,-63.5724,94.0,19.67,0.45
606,miraflores,99.0,CO,19.2167,-98.8083,92.0,16.13,0.46
607,khalkhal,0.0,IR,37.6189,48.5258,32.0,29.51,1.95
